{"client_meta":{"background_color":{"r":0.8980392217636108,"g":0.8980392217636108,"b":0.8980392217636108,"a":1},"thumbnail_size":{"width":400,"height":199},"render_coordinates":{"x":-1408,"y":-432,"width":1593,"height":792}},"file_name":"Grocery POS"}