{"client_meta":{"background_color":{"r":0.8980392217636108,"g":0.8980392217636108,"b":0.8980392217636108,"a":1},"thumbnail_size":{"width":400,"height":197},"render_coordinates":{"x":-2896,"y":-1344,"width":3808,"height":1872}},"file_name":"Grocery POS"}